state,state_abbrevation,Organization_type,level,year,gender,race
Alabama,AL,Private for-profit,4-year,2011,Both Gender,Asian
Alabama,AL,Private for-profit,4-year,2011,Both Gender,American Indian
Alabama,AL,Private for-profit,4-year,2011,Both Gender,Black
Alabama,AL,Private for-profit,4-year,2011,Both Gender,Hispanic
Alabama,AL,Private for-profit,4-year,2011,Both Gender,White
Alabama,AL,Private for-profit,4-year,2011,Both Gender,Unspecified
Alabama,AL,Private for-profit,4-year,2011,Female,Asian
Alabama,AL,Private for-profit,4-year,2011,Female,American Indian
Alabama,AL,Private for-profit,4-year,2011,Female,Black
Alabama,AL,Private for-profit,4-year,2011,Female,Hispanic
Alabama,AL,Private for-profit,4-year,2011,Female,White
Alabama,AL,Private for-profit,4-year,2011,Female,Unspecified
Alabama,AL,Private for-profit,4-year,2011,Male,Asian
Alabama,AL,Private for-profit,4-year,2011,Male,American Indian
Alabama,AL,Private for-profit,4-year,2011,Male,Black
Alabama,AL,Private for-profit,4-year,2011,Male,Hispanic
Alabama,AL,Private for-profit,4-year,2011,Male,White
Alabama,AL,Private for-profit,4-year,2011,Male,Unspecified
Alabama,AL,Private for-profit,4-year,2012,Both Gender,Asian
Alabama,AL,Private for-profit,4-year,2012,Both Gender,American Indian
Alabama,AL,Private for-profit,4-year,2012,Both Gender,Black
Alabama,AL,Private for-profit,4-year,2012,Both Gender,Hispanic
Alabama,AL,Private for-profit,4-year,2012,Both Gender,White
Alabama,AL,Private for-profit,4-year,2012,Both Gender,Unspecified
Alabama,AL,Private for-profit,4-year,2012,Female,Asian
Alabama,AL,Private for-profit,4-year,2012,Female,American Indian
Alabama,AL,Private for-profit,4-year,2012,Female,Black
Alabama,AL,Private for-profit,4-year,2012,Female,Hispanic
Alabama,AL,Private for-profit,4-year,2012,Female,White
Alabama,AL,Private for-profit,4-year,2012,Female,Unspecified
Alabama,AL,Private for-profit,4-year,2012,Male,Asian
Alabama,AL,Private for-profit,4-year,2012,Male,American Indian
Alabama,AL,Private for-profit,4-year,2012,Male,Black
Alabama,AL,Private for-profit,4-year,2012,Male,Hispanic
Alabama,AL,Private for-profit,4-year,2012,Male,White
Alabama,AL,Private for-profit,4-year,2012,Male,Unspecified
Alabama,AL,Private for-profit,4-year,2013,Both Gender,Asian
Alabama,AL,Private for-profit,4-year,2013,Both Gender,American Indian
Alabama,AL,Private for-profit,4-year,2013,Both Gender,Black
Alabama,AL,Private for-profit,4-year,2013,Both Gender,Hispanic
Alabama,AL,Private for-profit,4-year,2013,Both Gender,White
Alabama,AL,Private for-profit,4-year,2013,Both Gender,Unspecified
Alabama,AL,Private for-profit,4-year,2013,Female,Asian
Alabama,AL,Private for-profit,4-year,2013,Female,American Indian
Alabama,AL,Private for-profit,4-year,2013,Female,Black
Alabama,AL,Private for-profit,4-year,2013,Female,Hispanic
Alabama,AL,Private for-profit,4-year,2013,Female,White
Alabama,AL,Private for-profit,4-year,2013,Female,Unspecified
Alabama,AL,Private for-profit,4-year,2013,Male,Asian
Alabama,AL,Private for-profit,4-year,2013,Male,American Indian
Alabama,AL,Private for-profit,4-year,2013,Male,Black
Alabama,AL,Private for-profit,4-year,2013,Male,Hispanic
Alabama,AL,Private for-profit,4-year,2013,Male,White
Alabama,AL,Private for-profit,4-year,2013,Male,Unspecified
Alabama,AL,Private not-for-profit,4-year,2011,Both Gender,Asian
Alabama,AL,Private not-for-profit,4-year,2011,Both Gender,American Indian
Alabama,AL,Private not-for-profit,4-year,2011,Both Gender,Black
Alabama,AL,Private not-for-profit,4-year,2011,Both Gender,Hispanic
Alabama,AL,Private not-for-profit,4-year,2011,Both Gender,White
Alabama,AL,Private not-for-profit,4-year,2011,Both Gender,Unspecified
Alabama,AL,Private not-for-profit,4-year,2011,Female,Asian
Alabama,AL,Private not-for-profit,4-year,2011,Female,American Indian
Alabama,AL,Private not-for-profit,4-year,2011,Female,Black
Alabama,AL,Private not-for-profit,4-year,2011,Female,Hispanic
Alabama,AL,Private not-for-profit,4-year,2011,Female,White
Alabama,AL,Private not-for-profit,4-year,2011,Female,Unspecified
Alabama,AL,Private not-for-profit,4-year,2011,Male,Asian
Alabama,AL,Private not-for-profit,4-year,2011,Male,American Indian
Alabama,AL,Private not-for-profit,4-year,2011,Male,Black
Alabama,AL,Private not-for-profit,4-year,2011,Male,Hispanic
Alabama,AL,Private not-for-profit,4-year,2011,Male,White
Alabama,AL,Private not-for-profit,4-year,2011,Male,Unspecified
Alabama,AL,Private not-for-profit,4-year,2012,Both Gender,Asian
Alabama,AL,Private not-for-profit,4-year,2012,Both Gender,American Indian
Alabama,AL,Private not-for-profit,4-year,2012,Both Gender,Black
Alabama,AL,Private not-for-profit,4-year,2012,Both Gender,Hispanic
Alabama,AL,Private not-for-profit,4-year,2012,Both Gender,White
Alabama,AL,Private not-for-profit,4-year,2012,Both Gender,Unspecified
Alabama,AL,Private not-for-profit,4-year,2012,Female,Asian
Alabama,AL,Private not-for-profit,4-year,2012,Female,American Indian
Alabama,AL,Private not-for-profit,4-year,2012,Female,Black
Alabama,AL,Private not-for-profit,4-year,2012,Female,Hispanic
Alabama,AL,Private not-for-profit,4-year,2012,Female,White
Alabama,AL,Private not-for-profit,4-year,2012,Female,Unspecified
Alabama,AL,Private not-for-profit,4-year,2012,Male,Asian
Alabama,AL,Private not-for-profit,4-year,2012,Male,American Indian
Alabama,AL,Private not-for-profit,4-year,2012,Male,Black
Alabama,AL,Private not-for-profit,4-year,2012,Male,Hispanic
Alabama,AL,Private not-for-profit,4-year,2012,Male,White
Alabama,AL,Private not-for-profit,4-year,2012,Male,Unspecified
Alabama,AL,Private not-for-profit,4-year,2013,Both Gender,Asian
Alabama,AL,Private not-for-profit,4-year,2013,Both Gender,American Indian
Alabama,AL,Private not-for-profit,4-year,2013,Both Gender,Black
Alabama,AL,Private not-for-profit,4-year,2013,Both Gender,Hispanic
Alabama,AL,Private not-for-profit,4-year,2013,Both Gender,White
Alabama,AL,Private not-for-profit,4-year,2013,Both Gender,Unspecified
Alabama,AL,Private not-for-profit,4-year,2013,Female,Asian
Alabama,AL,Private not-for-profit,4-year,2013,Female,American Indian
Alabama,AL,Private not-for-profit,4-year,2013,Female,Black
Alabama,AL,Private not-for-profit,4-year,2013,Female,Hispanic
Alabama,AL,Private not-for-profit,4-year,2013,Female,White
Alabama,AL,Private not-for-profit,4-year,2013,Female,Unspecified
Alabama,AL,Private not-for-profit,4-year,2013,Male,Asian
Alabama,AL,Private not-for-profit,4-year,2013,Male,American Indian
Alabama,AL,Private not-for-profit,4-year,2013,Male,Black
Alabama,AL,Private not-for-profit,4-year,2013,Male,Hispanic
Alabama,AL,Private not-for-profit,4-year,2013,Male,White
Alabama,AL,Private not-for-profit,4-year,2013,Male,Unspecified
Alabama,AL,Public,4-year,2011,Both Gender,Asian
Alabama,AL,Public,4-year,2011,Both Gender,American Indian
Alabama,AL,Public,4-year,2011,Both Gender,Black
Alabama,AL,Public,4-year,2011,Both Gender,Hispanic
Alabama,AL,Public,4-year,2011,Both Gender,White
Alabama,AL,Public,4-year,2011,Both Gender,Unspecified
Alabama,AL,Public,4-year,2011,Female,Asian
Alabama,AL,Public,4-year,2011,Female,American Indian
Alabama,AL,Public,4-year,2011,Female,Black
Alabama,AL,Public,4-year,2011,Female,Hispanic
Alabama,AL,Public,4-year,2011,Female,White
Alabama,AL,Public,4-year,2011,Female,Unspecified
Alabama,AL,Public,4-year,2011,Male,Asian
Alabama,AL,Public,4-year,2011,Male,American Indian
Alabama,AL,Public,4-year,2011,Male,Black
Alabama,AL,Public,4-year,2011,Male,Hispanic
Alabama,AL,Public,4-year,2011,Male,White
Alabama,AL,Public,4-year,2011,Male,Unspecified
Alabama,AL,Public,4-year,2012,Both Gender,Asian
Alabama,AL,Public,4-year,2012,Both Gender,American Indian
Alabama,AL,Public,4-year,2012,Both Gender,Black
Alabama,AL,Public,4-year,2012,Both Gender,Hispanic
Alabama,AL,Public,4-year,2012,Both Gender,White
Alabama,AL,Public,4-year,2012,Both Gender,Unspecified
Alabama,AL,Public,4-year,2012,Female,Asian
Alabama,AL,Public,4-year,2012,Female,American Indian
Alabama,AL,Public,4-year,2012,Female,Black
Alabama,AL,Public,4-year,2012,Female,Hispanic
Alabama,AL,Public,4-year,2012,Female,White
Alabama,AL,Public,4-year,2012,Female,Unspecified
Alabama,AL,Public,4-year,2012,Male,Asian
Alabama,AL,Public,4-year,2012,Male,American Indian
Alabama,AL,Public,4-year,2012,Male,Black
Alabama,AL,Public,4-year,2012,Male,Hispanic
Alabama,AL,Public,4-year,2012,Male,White
Alabama,AL,Public,4-year,2012,Male,Unspecified
Alabama,AL,Public,4-year,2013,Both Gender,Asian
Alabama,AL,Public,4-year,2013,Both Gender,American Indian
Alabama,AL,Public,4-year,2013,Both Gender,Black
Alabama,AL,Public,4-year,2013,Both Gender,Hispanic
Alabama,AL,Public,4-year,2013,Both Gender,White
Alabama,AL,Public,4-year,2013,Both Gender,Unspecified
Alabama,AL,Public,4-year,2013,Female,Asian
Alabama,AL,Public,4-year,2013,Female,American Indian
Alabama,AL,Public,4-year,2013,Female,Black
Alabama,AL,Public,4-year,2013,Female,Hispanic
Alabama,AL,Public,4-year,2013,Female,White
Alabama,AL,Public,4-year,2013,Female,Unspecified
Alabama,AL,Public,4-year,2013,Male,Asian
Alabama,AL,Public,4-year,2013,Male,American Indian
Alabama,AL,Public,4-year,2013,Male,Black
Alabama,AL,Public,4-year,2013,Male,Hispanic
Alabama,AL,Public,4-year,2013,Male,White
Alabama,AL,Public,4-year,2013,Male,Unspecified
Alaska,AK,Private for-profit,4-year,2011,Both Gender,Asian
Alaska,AK,Private for-profit,4-year,2011,Both Gender,American Indian
Alaska,AK,Private for-profit,4-year,2011,Both Gender,Black
Alaska,AK,Private for-profit,4-year,2011,Both Gender,Hispanic
Alaska,AK,Private for-profit,4-year,2011,Both Gender,White
Alaska,AK,Private for-profit,4-year,2011,Both Gender,Unspecified
Alaska,AK,Private for-profit,4-year,2011,Female,Asian
Alaska,AK,Private for-profit,4-year,2011,Female,American Indian
Alaska,AK,Private for-profit,4-year,2011,Female,Black
Alaska,AK,Private for-profit,4-year,2011,Female,Hispanic
Alaska,AK,Private for-profit,4-year,2011,Female,White
Alaska,AK,Private for-profit,4-year,2011,Female,Unspecified
Alaska,AK,Private for-profit,4-year,2011,Male,Asian
Alaska,AK,Private for-profit,4-year,2011,Male,American Indian
Alaska,AK,Private for-profit,4-year,2011,Male,Black
Alaska,AK,Private for-profit,4-year,2011,Male,Hispanic
Alaska,AK,Private for-profit,4-year,2011,Male,White
Alaska,AK,Private for-profit,4-year,2011,Male,Unspecified
Alaska,AK,Private for-profit,4-year,2012,Both Gender,Asian
Alaska,AK,Private for-profit,4-year,2012,Both Gender,American Indian
Alaska,AK,Private for-profit,4-year,2012,Both Gender,Black
Alaska,AK,Private for-profit,4-year,2012,Both Gender,Hispanic
Alaska,AK,Private for-profit,4-year,2012,Both Gender,White
Alaska,AK,Private for-profit,4-year,2012,Both Gender,Unspecified
Alaska,AK,Private for-profit,4-year,2012,Female,Asian
Alaska,AK,Private for-profit,4-year,2012,Female,American Indian
Alaska,AK,Private for-profit,4-year,2012,Female,Black
Alaska,AK,Private for-profit,4-year,2012,Female,Hispanic
Alaska,AK,Private for-profit,4-year,2012,Female,White
Alaska,AK,Private for-profit,4-year,2012,Female,Unspecified
Alaska,AK,Private for-profit,4-year,2012,Male,Asian
Alaska,AK,Private for-profit,4-year,2012,Male,American Indian
Alaska,AK,Private for-profit,4-year,2012,Male,Black
Alaska,AK,Private for-profit,4-year,2012,Male,Hispanic
Alaska,AK,Private for-profit,4-year,2012,Male,White
Alaska,AK,Private for-profit,4-year,2012,Male,Unspecified
Alaska,AK,Private for-profit,4-year,2013,Both Gender,Asian
Alaska,AK,Private for-profit,4-year,2013,Both Gender,American Indian
Alaska,AK,Private for-profit,4-year,2013,Both Gender,Black
Alaska,AK,Private for-profit,4-year,2013,Both Gender,Hispanic
Alaska,AK,Private for-profit,4-year,2013,Both Gender,White
Alaska,AK,Private for-profit,4-year,2013,Both Gender,Unspecified
Alaska,AK,Private for-profit,4-year,2013,Female,Asian
Alaska,AK,Private for-profit,4-year,2013,Female,American Indian
Alaska,AK,Private for-profit,4-year,2013,Female,Black
Alaska,AK,Private for-profit,4-year,2013,Female,Hispanic
Alaska,AK,Private for-profit,4-year,2013,Female,White
Alaska,AK,Private for-profit,4-year,2013,Female,Unspecified
Alaska,AK,Private for-profit,4-year,2013,Male,Asian
Alaska,AK,Private for-profit,4-year,2013,Male,American Indian
Alaska,AK,Private for-profit,4-year,2013,Male,Black
Alaska,AK,Private for-profit,4-year,2013,Male,Hispanic
Alaska,AK,Private for-profit,4-year,2013,Male,White
Alaska,AK,Private for-profit,4-year,2013,Male,Unspecified
Alaska,AK,Private not-for-profit,4-year,2011,Both Gender,Asian
Alaska,AK,Private not-for-profit,4-year,2011,Both Gender,American Indian
Alaska,AK,Private not-for-profit,4-year,2011,Both Gender,Black
Alaska,AK,Private not-for-profit,4-year,2011,Both Gender,Hispanic
Alaska,AK,Private not-for-profit,4-year,2011,Both Gender,White
Alaska,AK,Private not-for-profit,4-year,2011,Both Gender,Unspecified
Alaska,AK,Private not-for-profit,4-year,2011,Female,Asian
Alaska,AK,Private not-for-profit,4-year,2011,Female,American Indian
Alaska,AK,Private not-for-profit,4-year,2011,Female,Black
Alaska,AK,Private not-for-profit,4-year,2011,Female,Hispanic
Alaska,AK,Private not-for-profit,4-year,2011,Female,White
Alaska,AK,Private not-for-profit,4-year,2011,Female,Unspecified
Alaska,AK,Private not-for-profit,4-year,2011,Male,Asian
Alaska,AK,Private not-for-profit,4-year,2011,Male,American Indian
Alaska,AK,Private not-for-profit,4-year,2011,Male,Black
Alaska,AK,Private not-for-profit,4-year,2011,Male,Hispanic
Alaska,AK,Private not-for-profit,4-year,2011,Male,White
Alaska,AK,Private not-for-profit,4-year,2011,Male,Unspecified
Alaska,AK,Private not-for-profit,4-year,2012,Both Gender,Asian
Alaska,AK,Private not-for-profit,4-year,2012,Both Gender,American Indian
Alaska,AK,Private not-for-profit,4-year,2012,Both Gender,Black
Alaska,AK,Private not-for-profit,4-year,2012,Both Gender,Hispanic
Alaska,AK,Private not-for-profit,4-year,2012,Both Gender,White
Alaska,AK,Private not-for-profit,4-year,2012,Both Gender,Unspecified
Alaska,AK,Private not-for-profit,4-year,2012,Female,Asian
Alaska,AK,Private not-for-profit,4-year,2012,Female,American Indian
Alaska,AK,Private not-for-profit,4-year,2012,Female,Black
Alaska,AK,Private not-for-profit,4-year,2012,Female,Hispanic
Alaska,AK,Private not-for-profit,4-year,2012,Female,White
Alaska,AK,Private not-for-profit,4-year,2012,Female,Unspecified
Alaska,AK,Private not-for-profit,4-year,2012,Male,Asian
Alaska,AK,Private not-for-profit,4-year,2012,Male,American Indian
Alaska,AK,Private not-for-profit,4-year,2012,Male,Black
Alaska,AK,Private not-for-profit,4-year,2012,Male,Hispanic
Alaska,AK,Private not-for-profit,4-year,2012,Male,White
Alaska,AK,Private not-for-profit,4-year,2012,Male,Unspecified
Alaska,AK,Private not-for-profit,4-year,2013,Both Gender,Asian
Alaska,AK,Private not-for-profit,4-year,2013,Both Gender,American Indian
Alaska,AK,Private not-for-profit,4-year,2013,Both Gender,Black
Alaska,AK,Private not-for-profit,4-year,2013,Both Gender,Hispanic
Alaska,AK,Private not-for-profit,4-year,2013,Both Gender,White
Alaska,AK,Private not-for-profit,4-year,2013,Both Gender,Unspecified
Alaska,AK,Private not-for-profit,4-year,2013,Female,Asian
Alaska,AK,Private not-for-profit,4-year,2013,Female,American Indian
Alaska,AK,Private not-for-profit,4-year,2013,Female,Black
Alaska,AK,Private not-for-profit,4-year,2013,Female,Hispanic
Alaska,AK,Private not-for-profit,4-year,2013,Female,White
Alaska,AK,Private not-for-profit,4-year,2013,Female,Unspecified
Alaska,AK,Private not-for-profit,4-year,2013,Male,Asian
Alaska,AK,Private not-for-profit,4-year,2013,Male,American Indian
Alaska,AK,Private not-for-profit,4-year,2013,Male,Black
Alaska,AK,Private not-for-profit,4-year,2013,Male,Hispanic
Alaska,AK,Private not-for-profit,4-year,2013,Male,White
Alaska,AK,Private not-for-profit,4-year,2013,Male,Unspecified
Alaska,AK,Public,4-year,2011,Both Gender,Asian
Alaska,AK,Public,4-year,2011,Both Gender,American Indian
Alaska,AK,Public,4-year,2011,Both Gender,Black
Alaska,AK,Public,4-year,2011,Both Gender,Hispanic
Alaska,AK,Public,4-year,2011,Both Gender,White
Alaska,AK,Public,4-year,2011,Both Gender,Unspecified
Alaska,AK,Public,4-year,2011,Female,Asian
Alaska,AK,Public,4-year,2011,Female,American Indian
Alaska,AK,Public,4-year,2011,Female,Black
Alaska,AK,Public,4-year,2011,Female,Hispanic
Alaska,AK,Public,4-year,2011,Female,White
Alaska,AK,Public,4-year,2011,Female,Unspecified
Alaska,AK,Public,4-year,2011,Male,Asian
Alaska,AK,Public,4-year,2011,Male,American Indian
Alaska,AK,Public,4-year,2011,Male,Black
Alaska,AK,Public,4-year,2011,Male,Hispanic
Alaska,AK,Public,4-year,2011,Male,White
Alaska,AK,Public,4-year,2011,Male,Unspecified
Alaska,AK,Public,4-year,2012,Both Gender,Asian
Alaska,AK,Public,4-year,2012,Both Gender,American Indian
Alaska,AK,Public,4-year,2012,Both Gender,Black
Alaska,AK,Public,4-year,2012,Both Gender,Hispanic
Alaska,AK,Public,4-year,2012,Both Gender,White
Alaska,AK,Public,4-year,2012,Both Gender,Unspecified
Alaska,AK,Public,4-year,2012,Female,Asian
Alaska,AK,Public,4-year,2012,Female,American Indian
Alaska,AK,Public,4-year,2012,Female,Black
Alaska,AK,Public,4-year,2012,Female,Hispanic
Alaska,AK,Public,4-year,2012,Female,White
Alaska,AK,Public,4-year,2012,Female,Unspecified
Alaska,AK,Public,4-year,2012,Male,Asian
Alaska,AK,Public,4-year,2012,Male,American Indian
Alaska,AK,Public,4-year,2012,Male,Black
Alaska,AK,Public,4-year,2012,Male,Hispanic
Alaska,AK,Public,4-year,2012,Male,White
Alaska,AK,Public,4-year,2012,Male,Unspecified
Alaska,AK,Public,4-year,2013,Both Gender,Asian
Alaska,AK,Public,4-year,2013,Both Gender,American Indian
Alaska,AK,Public,4-year,2013,Both Gender,Black
Alaska,AK,Public,4-year,2013,Both Gender,Hispanic
Alaska,AK,Public,4-year,2013,Both Gender,White
Alaska,AK,Public,4-year,2013,Both Gender,Unspecified
Alaska,AK,Public,4-year,2013,Female,Asian
Alaska,AK,Public,4-year,2013,Female,American Indian
Alaska,AK,Public,4-year,2013,Female,Black
Alaska,AK,Public,4-year,2013,Female,Hispanic
Alaska,AK,Public,4-year,2013,Female,White
Alaska,AK,Public,4-year,2013,Female,Unspecified
Alaska,AK,Public,4-year,2013,Male,Asian
Alaska,AK,Public,4-year,2013,Male,American Indian
Alaska,AK,Public,4-year,2013,Male,Black
Alaska,AK,Public,4-year,2013,Male,Hispanic
Alaska,AK,Public,4-year,2013,Male,White
Alaska,AK,Public,4-year,2013,Male,Unspecified
Arizona,AZ,Private for-profit,4-year,2011,Both Gender,Asian
Arizona,AZ,Private for-profit,4-year,2011,Both Gender,American Indian
Arizona,AZ,Private for-profit,4-year,2011,Both Gender,Black
Arizona,AZ,Private for-profit,4-year,2011,Both Gender,Hispanic
Arizona,AZ,Private for-profit,4-year,2011,Both Gender,White
Arizona,AZ,Private for-profit,4-year,2011,Both Gender,Unspecified
Arizona,AZ,Private for-profit,4-year,2011,Female,Asian
Arizona,AZ,Private for-profit,4-year,2011,Female,American Indian
Arizona,AZ,Private for-profit,4-year,2011,Female,Black
Arizona,AZ,Private for-profit,4-year,2011,Female,Hispanic
Arizona,AZ,Private for-profit,4-year,2011,Female,White
Arizona,AZ,Private for-profit,4-year,2011,Female,Unspecified
Arizona,AZ,Private for-profit,4-year,2011,Male,Asian
Arizona,AZ,Private for-profit,4-year,2011,Male,American Indian
Arizona,AZ,Private for-profit,4-year,2011,Male,Black
Arizona,AZ,Private for-profit,4-year,2011,Male,Hispanic
Arizona,AZ,Private for-profit,4-year,2011,Male,White
Arizona,AZ,Private for-profit,4-year,2011,Male,Unspecified
Arizona,AZ,Private for-profit,4-year,2012,Both Gender,Asian
Arizona,AZ,Private for-profit,4-year,2012,Both Gender,American Indian
Arizona,AZ,Private for-profit,4-year,2012,Both Gender,Black
Arizona,AZ,Private for-profit,4-year,2012,Both Gender,Hispanic
Arizona,AZ,Private for-profit,4-year,2012,Both Gender,White
Arizona,AZ,Private for-profit,4-year,2012,Both Gender,Unspecified
Arizona,AZ,Private for-profit,4-year,2012,Female,Asian
Arizona,AZ,Private for-profit,4-year,2012,Female,American Indian
Arizona,AZ,Private for-profit,4-year,2012,Female,Black
Arizona,AZ,Private for-profit,4-year,2012,Female,Hispanic
Arizona,AZ,Private for-profit,4-year,2012,Female,White
Arizona,AZ,Private for-profit,4-year,2012,Female,Unspecified
Arizona,AZ,Private for-profit,4-year,2012,Male,Asian
Arizona,AZ,Private for-profit,4-year,2012,Male,American Indian
Arizona,AZ,Private for-profit,4-year,2012,Male,Black
Arizona,AZ,Private for-profit,4-year,2012,Male,Hispanic
Arizona,AZ,Private for-profit,4-year,2012,Male,White
Arizona,AZ,Private for-profit,4-year,2012,Male,Unspecified
Arizona,AZ,Private for-profit,4-year,2013,Both Gender,Asian
Arizona,AZ,Private for-profit,4-year,2013,Both Gender,American Indian
Arizona,AZ,Private for-profit,4-year,2013,Both Gender,Black
Arizona,AZ,Private for-profit,4-year,2013,Both Gender,Hispanic
Arizona,AZ,Private for-profit,4-year,2013,Both Gender,White
Arizona,AZ,Private for-profit,4-year,2013,Both Gender,Unspecified
Arizona,AZ,Private for-profit,4-year,2013,Female,Asian
Arizona,AZ,Private for-profit,4-year,2013,Female,American Indian
Arizona,AZ,Private for-profit,4-year,2013,Female,Black
Arizona,AZ,Private for-profit,4-year,2013,Female,Hispanic
Arizona,AZ,Private for-profit,4-year,2013,Female,White
Arizona,AZ,Private for-profit,4-year,2013,Female,Unspecified
Arizona,AZ,Private for-profit,4-year,2013,Male,Asian
Arizona,AZ,Private for-profit,4-year,2013,Male,American Indian
Arizona,AZ,Private for-profit,4-year,2013,Male,Black
Arizona,AZ,Private for-profit,4-year,2013,Male,Hispanic
Arizona,AZ,Private for-profit,4-year,2013,Male,White
Arizona,AZ,Private for-profit,4-year,2013,Male,Unspecified
Arizona,AZ,Private not-for-profit,4-year,2011,Both Gender,Asian
Arizona,AZ,Private not-for-profit,4-year,2011,Both Gender,American Indian
Arizona,AZ,Private not-for-profit,4-year,2011,Both Gender,Black
Arizona,AZ,Private not-for-profit,4-year,2011,Both Gender,Hispanic
Arizona,AZ,Private not-for-profit,4-year,2011,Both Gender,White
Arizona,AZ,Private not-for-profit,4-year,2011,Both Gender,Unspecified
Arizona,AZ,Private not-for-profit,4-year,2011,Female,Asian
Arizona,AZ,Private not-for-profit,4-year,2011,Female,American Indian
Arizona,AZ,Private not-for-profit,4-year,2011,Female,Black
Arizona,AZ,Private not-for-profit,4-year,2011,Female,Hispanic
Arizona,AZ,Private not-for-profit,4-year,2011,Female,White
Arizona,AZ,Private not-for-profit,4-year,2011,Female,Unspecified
Arizona,AZ,Private not-for-profit,4-year,2011,Male,Asian
Arizona,AZ,Private not-for-profit,4-year,2011,Male,American Indian
Arizona,AZ,Private not-for-profit,4-year,2011,Male,Black
Arizona,AZ,Private not-for-profit,4-year,2011,Male,Hispanic
Arizona,AZ,Private not-for-profit,4-year,2011,Male,White
Arizona,AZ,Private not-for-profit,4-year,2011,Male,Unspecified
Arizona,AZ,Private not-for-profit,4-year,2012,Both Gender,Asian
Arizona,AZ,Private not-for-profit,4-year,2012,Both Gender,American Indian
Arizona,AZ,Private not-for-profit,4-year,2012,Both Gender,Black
Arizona,AZ,Private not-for-profit,4-year,2012,Both Gender,Hispanic
Arizona,AZ,Private not-for-profit,4-year,2012,Both Gender,White
Arizona,AZ,Private not-for-profit,4-year,2012,Both Gender,Unspecified
Arizona,AZ,Private not-for-profit,4-year,2012,Female,Asian
Arizona,AZ,Private not-for-profit,4-year,2012,Female,American Indian
Arizona,AZ,Private not-for-profit,4-year,2012,Female,Black
Arizona,AZ,Private not-for-profit,4-year,2012,Female,Hispanic
Arizona,AZ,Private not-for-profit,4-year,2012,Female,White
Arizona,AZ,Private not-for-profit,4-year,2012,Female,Unspecified
Arizona,AZ,Private not-for-profit,4-year,2012,Male,Asian
Arizona,AZ,Private not-for-profit,4-year,2012,Male,American Indian
Arizona,AZ,Private not-for-profit,4-year,2012,Male,Black
Arizona,AZ,Private not-for-profit,4-year,2012,Male,Hispanic
Arizona,AZ,Private not-for-profit,4-year,2012,Male,White
Arizona,AZ,Private not-for-profit,4-year,2012,Male,Unspecified
Arizona,AZ,Private not-for-profit,4-year,2013,Both Gender,Asian
Arizona,AZ,Private not-for-profit,4-year,2013,Both Gender,American Indian
Arizona,AZ,Private not-for-profit,4-year,2013,Both Gender,Black
Arizona,AZ,Private not-for-profit,4-year,2013,Both Gender,Hispanic
Arizona,AZ,Private not-for-profit,4-year,2013,Both Gender,White
Arizona,AZ,Private not-for-profit,4-year,2013,Both Gender,Unspecified
Arizona,AZ,Private not-for-profit,4-year,2013,Female,Asian
Arizona,AZ,Private not-for-profit,4-year,2013,Female,American Indian
Arizona,AZ,Private not-for-profit,4-year,2013,Female,Black
Arizona,AZ,Private not-for-profit,4-year,2013,Female,Hispanic
Arizona,AZ,Private not-for-profit,4-year,2013,Female,White
Arizona,AZ,Private not-for-profit,4-year,2013,Female,Unspecified
Arizona,AZ,Private not-for-profit,4-year,2013,Male,Asian
Arizona,AZ,Private not-for-profit,4-year,2013,Male,American Indian
Arizona,AZ,Private not-for-profit,4-year,2013,Male,Black
Arizona,AZ,Private not-for-profit,4-year,2013,Male,Hispanic
Arizona,AZ,Private not-for-profit,4-year,2013,Male,White
Arizona,AZ,Private not-for-profit,4-year,2013,Male,Unspecified
Arizona,AZ,Public,4-year,2011,Both Gender,Asian
Arizona,AZ,Public,4-year,2011,Both Gender,American Indian
Arizona,AZ,Public,4-year,2011,Both Gender,Black
Arizona,AZ,Public,4-year,2011,Both Gender,Hispanic
Arizona,AZ,Public,4-year,2011,Both Gender,White
Arizona,AZ,Public,4-year,2011,Both Gender,Unspecified
Arizona,AZ,Public,4-year,2011,Female,Asian
Arizona,AZ,Public,4-year,2011,Female,American Indian
Arizona,AZ,Public,4-year,2011,Female,Black
Arizona,AZ,Public,4-year,2011,Female,Hispanic
Arizona,AZ,Public,4-year,2011,Female,White
Arizona,AZ,Public,4-year,2011,Female,Unspecified
Arizona,AZ,Public,4-year,2011,Male,Asian
Arizona,AZ,Public,4-year,2011,Male,American Indian
Arizona,AZ,Public,4-year,2011,Male,Black
Arizona,AZ,Public,4-year,2011,Male,Hispanic
Arizona,AZ,Public,4-year,2011,Male,White
Arizona,AZ,Public,4-year,2011,Male,Unspecified
Arizona,AZ,Public,4-year,2012,Both Gender,Asian
Arizona,AZ,Public,4-year,2012,Both Gender,American Indian
Arizona,AZ,Public,4-year,2012,Both Gender,Black
Arizona,AZ,Public,4-year,2012,Both Gender,Hispanic
Arizona,AZ,Public,4-year,2012,Both Gender,White
Arizona,AZ,Public,4-year,2012,Both Gender,Unspecified
Arizona,AZ,Public,4-year,2012,Female,Asian
Arizona,AZ,Public,4-year,2012,Female,American Indian
Arizona,AZ,Public,4-year,2012,Female,Black
Arizona,AZ,Public,4-year,2012,Female,Hispanic
Arizona,AZ,Public,4-year,2012,Female,White
Arizona,AZ,Public,4-year,2012,Female,Unspecified
Arizona,AZ,Public,4-year,2012,Male,Asian
Arizona,AZ,Public,4-year,2012,Male,American Indian
Arizona,AZ,Public,4-year,2012,Male,Black
Arizona,AZ,Public,4-year,2012,Male,Hispanic
Arizona,AZ,Public,4-year,2012,Male,White
Arizona,AZ,Public,4-year,2012,Male,Unspecified
Arizona,AZ,Public,4-year,2013,Both Gender,Asian
Arizona,AZ,Public,4-year,2013,Both Gender,American Indian
Arizona,AZ,Public,4-year,2013,Both Gender,Black
Arizona,AZ,Public,4-year,2013,Both Gender,Hispanic
Arizona,AZ,Public,4-year,2013,Both Gender,White
Arizona,AZ,Public,4-year,2013,Both Gender,Unspecified
Arizona,AZ,Public,4-year,2013,Female,Asian
Arizona,AZ,Public,4-year,2013,Female,American Indian
Arizona,AZ,Public,4-year,2013,Female,Black
Arizona,AZ,Public,4-year,2013,Female,Hispanic
Arizona,AZ,Public,4-year,2013,Female,White
Arizona,AZ,Public,4-year,2013,Female,Unspecified
Arizona,AZ,Public,4-year,2013,Male,Asian
Arizona,AZ,Public,4-year,2013,Male,American Indian
Arizona,AZ,Public,4-year,2013,Male,Black
Arizona,AZ,Public,4-year,2013,Male,Hispanic
Arizona,AZ,Public,4-year,2013,Male,White
Arizona,AZ,Public,4-year,2013,Male,Unspecified
Arkansas,AR,Private for-profit,4-year,2011,Both Gender,Asian
Arkansas,AR,Private for-profit,4-year,2011,Both Gender,American Indian
Arkansas,AR,Private for-profit,4-year,2011,Both Gender,Black
Arkansas,AR,Private for-profit,4-year,2011,Both Gender,Hispanic
Arkansas,AR,Private for-profit,4-year,2011,Both Gender,White
Arkansas,AR,Private for-profit,4-year,2011,Both Gender,Unspecified
Arkansas,AR,Private for-profit,4-year,2011,Female,Asian
Arkansas,AR,Private for-profit,4-year,2011,Female,American Indian
Arkansas,AR,Private for-profit,4-year,2011,Female,Black
Arkansas,AR,Private for-profit,4-year,2011,Female,Hispanic
Arkansas,AR,Private for-profit,4-year,2011,Female,White
Arkansas,AR,Private for-profit,4-year,2011,Female,Unspecified
Arkansas,AR,Private for-profit,4-year,2011,Male,Asian
Arkansas,AR,Private for-profit,4-year,2011,Male,American Indian
Arkansas,AR,Private for-profit,4-year,2011,Male,Black
Arkansas,AR,Private for-profit,4-year,2011,Male,Hispanic
Arkansas,AR,Private for-profit,4-year,2011,Male,White
Arkansas,AR,Private for-profit,4-year,2011,Male,Unspecified
Arkansas,AR,Private for-profit,4-year,2012,Both Gender,Asian
Arkansas,AR,Private for-profit,4-year,2012,Both Gender,American Indian
Arkansas,AR,Private for-profit,4-year,2012,Both Gender,Black
Arkansas,AR,Private for-profit,4-year,2012,Both Gender,Hispanic
Arkansas,AR,Private for-profit,4-year,2012,Both Gender,White
Arkansas,AR,Private for-profit,4-year,2012,Both Gender,Unspecified
Arkansas,AR,Private for-profit,4-year,2012,Female,Asian
Arkansas,AR,Private for-profit,4-year,2012,Female,American Indian
Arkansas,AR,Private for-profit,4-year,2012,Female,Black
Arkansas,AR,Private for-profit,4-year,2012,Female,Hispanic
Arkansas,AR,Private for-profit,4-year,2012,Female,White
Arkansas,AR,Private for-profit,4-year,2012,Female,Unspecified
Arkansas,AR,Private for-profit,4-year,2012,Male,Asian
Arkansas,AR,Private for-profit,4-year,2012,Male,American Indian
Arkansas,AR,Private for-profit,4-year,2012,Male,Black
Arkansas,AR,Private for-profit,4-year,2012,Male,Hispanic
Arkansas,AR,Private for-profit,4-year,2012,Male,White
Arkansas,AR,Private for-profit,4-year,2012,Male,Unspecified
Arkansas,AR,Private for-profit,4-year,2013,Both Gender,Asian
Arkansas,AR,Private for-profit,4-year,2013,Both Gender,American Indian
Arkansas,AR,Private for-profit,4-year,2013,Both Gender,Black
Arkansas,AR,Private for-profit,4-year,2013,Both Gender,Hispanic
Arkansas,AR,Private for-profit,4-year,2013,Both Gender,White
Arkansas,AR,Private for-profit,4-year,2013,Both Gender,Unspecified
Arkansas,AR,Private for-profit,4-year,2013,Female,Asian
Arkansas,AR,Private for-profit,4-year,2013,Female,American Indian
Arkansas,AR,Private for-profit,4-year,2013,Female,Black
Arkansas,AR,Private for-profit,4-year,2013,Female,Hispanic
Arkansas,AR,Private for-profit,4-year,2013,Female,White
Arkansas,AR,Private for-profit,4-year,2013,Female,Unspecified
Arkansas,AR,Private for-profit,4-year,2013,Male,Asian
Arkansas,AR,Private for-profit,4-year,2013,Male,American Indian
Arkansas,AR,Private for-profit,4-year,2013,Male,Black
Arkansas,AR,Private for-profit,4-year,2013,Male,Hispanic
Arkansas,AR,Private for-profit,4-year,2013,Male,White
Arkansas,AR,Private for-profit,4-year,2013,Male,Unspecified
Arkansas,AR,Private not-for-profit,4-year,2011,Both Gender,Asian
Arkansas,AR,Private not-for-profit,4-year,2011,Both Gender,American Indian
Arkansas,AR,Private not-for-profit,4-year,2011,Both Gender,Black
Arkansas,AR,Private not-for-profit,4-year,2011,Both Gender,Hispanic
Arkansas,AR,Private not-for-profit,4-year,2011,Both Gender,White
Arkansas,AR,Private not-for-profit,4-year,2011,Both Gender,Unspecified
Arkansas,AR,Private not-for-profit,4-year,2011,Female,Asian
Arkansas,AR,Private not-for-profit,4-year,2011,Female,American Indian
Arkansas,AR,Private not-for-profit,4-year,2011,Female,Black
Arkansas,AR,Private not-for-profit,4-year,2011,Female,Hispanic
Arkansas,AR,Private not-for-profit,4-year,2011,Female,White
Arkansas,AR,Private not-for-profit,4-year,2011,Female,Unspecified
Arkansas,AR,Private not-for-profit,4-year,2011,Male,Asian
Arkansas,AR,Private not-for-profit,4-year,2011,Male,American Indian
Arkansas,AR,Private not-for-profit,4-year,2011,Male,Black
Arkansas,AR,Private not-for-profit,4-year,2011,Male,Hispanic
Arkansas,AR,Private not-for-profit,4-year,2011,Male,White
Arkansas,AR,Private not-for-profit,4-year,2011,Male,Unspecified
Arkansas,AR,Private not-for-profit,4-year,2012,Both Gender,Asian
Arkansas,AR,Private not-for-profit,4-year,2012,Both Gender,American Indian
Arkansas,AR,Private not-for-profit,4-year,2012,Both Gender,Black
Arkansas,AR,Private not-for-profit,4-year,2012,Both Gender,Hispanic
Arkansas,AR,Private not-for-profit,4-year,2012,Both Gender,White
Arkansas,AR,Private not-for-profit,4-year,2012,Both Gender,Unspecified
Arkansas,AR,Private not-for-profit,4-year,2012,Female,Asian
Arkansas,AR,Private not-for-profit,4-year,2012,Female,American Indian
Arkansas,AR,Private not-for-profit,4-year,2012,Female,Black
Arkansas,AR,Private not-for-profit,4-year,2012,Female,Hispanic
Arkansas,AR,Private not-for-profit,4-year,2012,Female,White
Arkansas,AR,Private not-for-profit,4-year,2012,Female,Unspecified
Arkansas,AR,Private not-for-profit,4-year,2012,Male,Asian
Arkansas,AR,Private not-for-profit,4-year,2012,Male,American Indian
Arkansas,AR,Private not-for-profit,4-year,2012,Male,Black
Arkansas,AR,Private not-for-profit,4-year,2012,Male,Hispanic
Arkansas,AR,Private not-for-profit,4-year,2012,Male,White
Arkansas,AR,Private not-for-profit,4-year,2012,Male,Unspecified
Arkansas,AR,Private not-for-profit,4-year,2013,Both Gender,Asian
Arkansas,AR,Private not-for-profit,4-year,2013,Both Gender,American Indian
Arkansas,AR,Private not-for-profit,4-year,2013,Both Gender,Black
Arkansas,AR,Private not-for-profit,4-year,2013,Both Gender,Hispanic
Arkansas,AR,Private not-for-profit,4-year,2013,Both Gender,White
Arkansas,AR,Private not-for-profit,4-year,2013,Both Gender,Unspecified
Arkansas,AR,Private not-for-profit,4-year,2013,Female,Asian
Arkansas,AR,Private not-for-profit,4-year,2013,Female,American Indian
Arkansas,AR,Private not-for-profit,4-year,2013,Female,Black
Arkansas,AR,Private not-for-profit,4-year,2013,Female,Hispanic
Arkansas,AR,Private not-for-profit,4-year,2013,Female,White
Arkansas,AR,Private not-for-profit,4-year,2013,Female,Unspecified
Arkansas,AR,Private not-for-profit,4-year,2013,Male,Asian
Arkansas,AR,Private not-for-profit,4-year,2013,Male,American Indian
Arkansas,AR,Private not-for-profit,4-year,2013,Male,Black
Arkansas,AR,Private not-for-profit,4-year,2013,Male,Hispanic
Arkansas,AR,Private not-for-profit,4-year,2013,Male,White
Arkansas,AR,Private not-for-profit,4-year,2013,Male,Unspecified
Arkansas,AR,Public,4-year,2011,Both Gender,Asian
Arkansas,AR,Public,4-year,2011,Both Gender,American Indian
Arkansas,AR,Public,4-year,2011,Both Gender,Black
Arkansas,AR,Public,4-year,2011,Both Gender,Hispanic
Arkansas,AR,Public,4-year,2011,Both Gender,White
Arkansas,AR,Public,4-year,2011,Both Gender,Unspecified
Arkansas,AR,Public,4-year,2011,Female,Asian
Arkansas,AR,Public,4-year,2011,Female,American Indian
Arkansas,AR,Public,4-year,2011,Female,Black
Arkansas,AR,Public,4-year,2011,Female,Hispanic
Arkansas,AR,Public,4-year,2011,Female,White
Arkansas,AR,Public,4-year,2011,Female,Unspecified
Arkansas,AR,Public,4-year,2011,Male,Asian
Arkansas,AR,Public,4-year,2011,Male,American Indian
Arkansas,AR,Public,4-year,2011,Male,Black
Arkansas,AR,Public,4-year,2011,Male,Hispanic
Arkansas,AR,Public,4-year,2011,Male,White
Arkansas,AR,Public,4-year,2011,Male,Unspecified
Arkansas,AR,Public,4-year,2012,Both Gender,Asian
Arkansas,AR,Public,4-year,2012,Both Gender,American Indian
Arkansas,AR,Public,4-year,2012,Both Gender,Black
Arkansas,AR,Public,4-year,2012,Both Gender,Hispanic
Arkansas,AR,Public,4-year,2012,Both Gender,White
Arkansas,AR,Public,4-year,2012,Both Gender,Unspecified
Arkansas,AR,Public,4-year,2012,Female,Asian
Arkansas,AR,Public,4-year,2012,Female,American Indian
Arkansas,AR,Public,4-year,2012,Female,Black
Arkansas,AR,Public,4-year,2012,Female,Hispanic
Arkansas,AR,Public,4-year,2012,Female,White
Arkansas,AR,Public,4-year,2012,Female,Unspecified
Arkansas,AR,Public,4-year,2012,Male,Asian
Arkansas,AR,Public,4-year,2012,Male,American Indian
Arkansas,AR,Public,4-year,2012,Male,Black
Arkansas,AR,Public,4-year,2012,Male,Hispanic
Arkansas,AR,Public,4-year,2012,Male,White
Arkansas,AR,Public,4-year,2012,Male,Unspecified
Arkansas,AR,Public,4-year,2013,Both Gender,Asian
Arkansas,AR,Public,4-year,2013,Both Gender,American Indian
Arkansas,AR,Public,4-year,2013,Both Gender,Black
Arkansas,AR,Public,4-year,2013,Both Gender,Hispanic
Arkansas,AR,Public,4-year,2013,Both Gender,White
Arkansas,AR,Public,4-year,2013,Both Gender,Unspecified
Arkansas,AR,Public,4-year,2013,Female,Asian
Arkansas,AR,Public,4-year,2013,Female,American Indian
Arkansas,AR,Public,4-year,2013,Female,Black
Arkansas,AR,Public,4-year,2013,Female,Hispanic
Arkansas,AR,Public,4-year,2013,Female,White
Arkansas,AR,Public,4-year,2013,Female,Unspecified
Arkansas,AR,Public,4-year,2013,Male,Asian
Arkansas,AR,Public,4-year,2013,Male,American Indian
Arkansas,AR,Public,4-year,2013,Male,Black
Arkansas,AR,Public,4-year,2013,Male,Hispanic
Arkansas,AR,Public,4-year,2013,Male,White
Arkansas,AR,Public,4-year,2013,Male,Unspecified
California,CA,Private for-profit,4-year,2011,Both Gender,Asian
California,CA,Private for-profit,4-year,2011,Both Gender,American Indian
California,CA,Private for-profit,4-year,2011,Both Gender,Black
California,CA,Private for-profit,4-year,2011,Both Gender,Hispanic
California,CA,Private for-profit,4-year,2011,Both Gender,White
California,CA,Private for-profit,4-year,2011,Both Gender,Unspecified
California,CA,Private for-profit,4-year,2011,Female,Asian
California,CA,Private for-profit,4-year,2011,Female,American Indian
California,CA,Private for-profit,4-year,2011,Female,Black
California,CA,Private for-profit,4-year,2011,Female,Hispanic
California,CA,Private for-profit,4-year,2011,Female,White
California,CA,Private for-profit,4-year,2011,Female,Unspecified
California,CA,Private for-profit,4-year,2011,Male,Asian
California,CA,Private for-profit,4-year,2011,Male,American Indian
California,CA,Private for-profit,4-year,2011,Male,Black
California,CA,Private for-profit,4-year,2011,Male,Hispanic
California,CA,Private for-profit,4-year,2011,Male,White
California,CA,Private for-profit,4-year,2011,Male,Unspecified
California,CA,Private for-profit,4-year,2012,Both Gender,Asian
California,CA,Private for-profit,4-year,2012,Both Gender,American Indian
California,CA,Private for-profit,4-year,2012,Both Gender,Black
California,CA,Private for-profit,4-year,2012,Both Gender,Hispanic
California,CA,Private for-profit,4-year,2012,Both Gender,White
California,CA,Private for-profit,4-year,2012,Both Gender,Unspecified
California,CA,Private for-profit,4-year,2012,Female,Asian
California,CA,Private for-profit,4-year,2012,Female,American Indian
California,CA,Private for-profit,4-year,2012,Female,Black
California,CA,Private for-profit,4-year,2012,Female,Hispanic
California,CA,Private for-profit,4-year,2012,Female,White
California,CA,Private for-profit,4-year,2012,Female,Unspecified
California,CA,Private for-profit,4-year,2012,Male,Asian
California,CA,Private for-profit,4-year,2012,Male,American Indian
California,CA,Private for-profit,4-year,2012,Male,Black
California,CA,Private for-profit,4-year,2012,Male,Hispanic
California,CA,Private for-profit,4-year,2012,Male,White
California,CA,Private for-profit,4-year,2012,Male,Unspecified
California,CA,Private for-profit,4-year,2013,Both Gender,Asian
California,CA,Private for-profit,4-year,2013,Both Gender,American Indian
California,CA,Private for-profit,4-year,2013,Both Gender,Black
California,CA,Private for-profit,4-year,2013,Both Gender,Hispanic
California,CA,Private for-profit,4-year,2013,Both Gender,White
California,CA,Private for-profit,4-year,2013,Both Gender,Unspecified
California,CA,Private for-profit,4-year,2013,Female,Asian
California,CA,Private for-profit,4-year,2013,Female,American Indian
California,CA,Private for-profit,4-year,2013,Female,Black
California,CA,Private for-profit,4-year,2013,Female,Hispanic
California,CA,Private for-profit,4-year,2013,Female,White
California,CA,Private for-profit,4-year,2013,Female,Unspecified
California,CA,Private for-profit,4-year,2013,Male,Asian
California,CA,Private for-profit,4-year,2013,Male,American Indian
California,CA,Private for-profit,4-year,2013,Male,Black
California,CA,Private for-profit,4-year,2013,Male,Hispanic
California,CA,Private for-profit,4-year,2013,Male,White
California,CA,Private for-profit,4-year,2013,Male,Unspecified
California,CA,Private not-for-profit,4-year,2011,Both Gender,Asian
California,CA,Private not-for-profit,4-year,2011,Both Gender,American Indian
California,CA,Private not-for-profit,4-year,2011,Both Gender,Black
California,CA,Private not-for-profit,4-year,2011,Both Gender,Hispanic
California,CA,Private not-for-profit,4-year,2011,Both Gender,White
California,CA,Private not-for-profit,4-year,2011,Both Gender,Unspecified
California,CA,Private not-for-profit,4-year,2011,Female,Asian
California,CA,Private not-for-profit,4-year,2011,Female,American Indian
California,CA,Private not-for-profit,4-year,2011,Female,Black
California,CA,Private not-for-profit,4-year,2011,Female,Hispanic
California,CA,Private not-for-profit,4-year,2011,Female,White
California,CA,Private not-for-profit,4-year,2011,Female,Unspecified
California,CA,Private not-for-profit,4-year,2011,Male,Asian
California,CA,Private not-for-profit,4-year,2011,Male,American Indian
California,CA,Private not-for-profit,4-year,2011,Male,Black
California,CA,Private not-for-profit,4-year,2011,Male,Hispanic
California,CA,Private not-for-profit,4-year,2011,Male,White
California,CA,Private not-for-profit,4-year,2011,Male,Unspecified
California,CA,Private not-for-profit,4-year,2012,Both Gender,Asian
California,CA,Private not-for-profit,4-year,2012,Both Gender,American Indian
California,CA,Private not-for-profit,4-year,2012,Both Gender,Black
California,CA,Private not-for-profit,4-year,2012,Both Gender,Hispanic
California,CA,Private not-for-profit,4-year,2012,Both Gender,White
California,CA,Private not-for-profit,4-year,2012,Both Gender,Unspecified
California,CA,Private not-for-profit,4-year,2012,Female,Asian
California,CA,Private not-for-profit,4-year,2012,Female,American Indian
California,CA,Private not-for-profit,4-year,2012,Female,Black
California,CA,Private not-for-profit,4-year,2012,Female,Hispanic
California,CA,Private not-for-profit,4-year,2012,Female,White
California,CA,Private not-for-profit,4-year,2012,Female,Unspecified
California,CA,Private not-for-profit,4-year,2012,Male,Asian
California,CA,Private not-for-profit,4-year,2012,Male,American Indian
California,CA,Private not-for-profit,4-year,2012,Male,Black
California,CA,Private not-for-profit,4-year,2012,Male,Hispanic
California,CA,Private not-for-profit,4-year,2012,Male,White
California,CA,Private not-for-profit,4-year,2012,Male,Unspecified
California,CA,Private not-for-profit,4-year,2013,Both Gender,Asian
California,CA,Private not-for-profit,4-year,2013,Both Gender,American Indian
California,CA,Private not-for-profit,4-year,2013,Both Gender,Black
California,CA,Private not-for-profit,4-year,2013,Both Gender,Hispanic
California,CA,Private not-for-profit,4-year,2013,Both Gender,White
California,CA,Private not-for-profit,4-year,2013,Both Gender,Unspecified
California,CA,Private not-for-profit,4-year,2013,Female,Asian
California,CA,Private not-for-profit,4-year,2013,Female,American Indian
California,CA,Private not-for-profit,4-year,2013,Female,Black
California,CA,Private not-for-profit,4-year,2013,Female,Hispanic
California,CA,Private not-for-profit,4-year,2013,Female,White
California,CA,Private not-for-profit,4-year,2013,Female,Unspecified
California,CA,Private not-for-profit,4-year,2013,Male,Asian
California,CA,Private not-for-profit,4-year,2013,Male,American Indian
California,CA,Private not-for-profit,4-year,2013,Male,Black
California,CA,Private not-for-profit,4-year,2013,Male,Hispanic
California,CA,Private not-for-profit,4-year,2013,Male,White
California,CA,Private not-for-profit,4-year,2013,Male,Unspecified
California,CA,Public,4-year,2011,Both Gender,Asian
California,CA,Public,4-year,2011,Both Gender,American Indian
California,CA,Public,4-year,2011,Both Gender,Black
California,CA,Public,4-year,2011,Both Gender,Hispanic
California,CA,Public,4-year,2011,Both Gender,White
California,CA,Public,4-year,2011,Both Gender,Unspecified
California,CA,Public,4-year,2011,Female,Asian
California,CA,Public,4-year,2011,Female,American Indian
California,CA,Public,4-year,2011,Female,Black
California,CA,Public,4-year,2011,Female,Hispanic
California,CA,Public,4-year,2011,Female,White
California,CA,Public,4-year,2011,Female,Unspecified
California,CA,Public,4-year,2011,Male,Asian
California,CA,Public,4-year,2011,Male,American Indian
California,CA,Public,4-year,2011,Male,Black
California,CA,Public,4-year,2011,Male,Hispanic
California,CA,Public,4-year,2011,Male,White
California,CA,Public,4-year,2011,Male,Unspecified
California,CA,Public,4-year,2012,Both Gender,Asian
California,CA,Public,4-year,2012,Both Gender,American Indian
California,CA,Public,4-year,2012,Both Gender,Black
California,CA,Public,4-year,2012,Both Gender,Hispanic
California,CA,Public,4-year,2012,Both Gender,White
California,CA,Public,4-year,2012,Both Gender,Unspecified
California,CA,Public,4-year,2012,Female,Asian
California,CA,Public,4-year,2012,Female,American Indian
California,CA,Public,4-year,2012,Female,Black
California,CA,Public,4-year,2012,Female,Hispanic
California,CA,Public,4-year,2012,Female,White
California,CA,Public,4-year,2012,Female,Unspecified
California,CA,Public,4-year,2012,Male,Asian
California,CA,Public,4-year,2012,Male,American Indian
California,CA,Public,4-year,2012,Male,Black
California,CA,Public,4-year,2012,Male,Hispanic
California,CA,Public,4-year,2012,Male,White
California,CA,Public,4-year,2012,Male,Unspecified
California,CA,Public,4-year,2013,Both Gender,Asian
California,CA,Public,4-year,2013,Both Gender,American Indian
California,CA,Public,4-year,2013,Both Gender,Black
California,CA,Public,4-year,2013,Both Gender,Hispanic
California,CA,Public,4-year,2013,Both Gender,White
California,CA,Public,4-year,2013,Both Gender,Unspecified
California,CA,Public,4-year,2013,Female,Asian
California,CA,Public,4-year,2013,Female,American Indian
California,CA,Public,4-year,2013,Female,Black
California,CA,Public,4-year,2013,Female,Hispanic
California,CA,Public,4-year,2013,Female,White
California,CA,Public,4-year,2013,Female,Unspecified
California,CA,Public,4-year,2013,Male,Asian
California,CA,Public,4-year,2013,Male,American Indian
California,CA,Public,4-year,2013,Male,Black
California,CA,Public,4-year,2013,Male,Hispanic
California,CA,Public,4-year,2013,Male,White
California,CA,Public,4-year,2013,Male,Unspecified
Colorado,CO,Private for-profit,4-year,2011,Both Gender,Asian
Colorado,CO,Private for-profit,4-year,2011,Both Gender,American Indian
Colorado,CO,Private for-profit,4-year,2011,Both Gender,Black
Colorado,CO,Private for-profit,4-year,2011,Both Gender,Hispanic
Colorado,CO,Private for-profit,4-year,2011,Both Gender,White
Colorado,CO,Private for-profit,4-year,2011,Both Gender,Unspecified
Colorado,CO,Private for-profit,4-year,2011,Female,Asian
Colorado,CO,Private for-profit,4-year,2011,Female,American Indian
Colorado,CO,Private for-profit,4-year,2011,Female,Black
Colorado,CO,Private for-profit,4-year,2011,Female,Hispanic
Colorado,CO,Private for-profit,4-year,2011,Female,White
Colorado,CO,Private for-profit,4-year,2011,Female,Unspecified
Colorado,CO,Private for-profit,4-year,2011,Male,Asian
Colorado,CO,Private for-profit,4-year,2011,Male,American Indian
Colorado,CO,Private for-profit,4-year,2011,Male,Black
Colorado,CO,Private for-profit,4-year,2011,Male,Hispanic
Colorado,CO,Private for-profit,4-year,2011,Male,White
Colorado,CO,Private for-profit,4-year,2011,Male,Unspecified
Colorado,CO,Private for-profit,4-year,2012,Both Gender,Asian
Colorado,CO,Private for-profit,4-year,2012,Both Gender,American Indian
Colorado,CO,Private for-profit,4-year,2012,Both Gender,Black
Colorado,CO,Private for-profit,4-year,2012,Both Gender,Hispanic
Colorado,CO,Private for-profit,4-year,2012,Both Gender,White
Colorado,CO,Private for-profit,4-year,2012,Both Gender,Unspecified
Colorado,CO,Private for-profit,4-year,2012,Female,Asian
Colorado,CO,Private for-profit,4-year,2012,Female,American Indian
Colorado,CO,Private for-profit,4-year,2012,Female,Black
Colorado,CO,Private for-profit,4-year,2012,Female,Hispanic
Colorado,CO,Private for-profit,4-year,2012,Female,White
Colorado,CO,Private for-profit,4-year,2012,Female,Unspecified
Colorado,CO,Private for-profit,4-year,2012,Male,Asian
Colorado,CO,Private for-profit,4-year,2012,Male,American Indian
Colorado,CO,Private for-profit,4-year,2012,Male,Black
Colorado,CO,Private for-profit,4-year,2012,Male,Hispanic
Colorado,CO,Private for-profit,4-year,2012,Male,White
Colorado,CO,Private for-profit,4-year,2012,Male,Unspecified
Colorado,CO,Private for-profit,4-year,2013,Both Gender,Asian
Colorado,CO,Private for-profit,4-year,2013,Both Gender,American Indian
Colorado,CO,Private for-profit,4-year,2013,Both Gender,Black
Colorado,CO,Private for-profit,4-year,2013,Both Gender,Hispanic
Colorado,CO,Private for-profit,4-year,2013,Both Gender,White
Colorado,CO,Private for-profit,4-year,2013,Both Gender,Unspecified
Colorado,CO,Private for-profit,4-year,2013,Female,Asian
Colorado,CO,Private for-profit,4-year,2013,Female,American Indian
Colorado,CO,Private for-profit,4-year,2013,Female,Black
Colorado,CO,Private for-profit,4-year,2013,Female,Hispanic
Colorado,CO,Private for-profit,4-year,2013,Female,White
Colorado,CO,Private for-profit,4-year,2013,Female,Unspecified
Colorado,CO,Private for-profit,4-year,2013,Male,Asian
Colorado,CO,Private for-profit,4-year,2013,Male,American Indian
Colorado,CO,Private for-profit,4-year,2013,Male,Black
Colorado,CO,Private for-profit,4-year,2013,Male,Hispanic
Colorado,CO,Private for-profit,4-year,2013,Male,White
Colorado,CO,Private for-profit,4-year,2013,Male,Unspecified
Colorado,CO,Private not-for-profit,4-year,2011,Both Gender,Asian
Colorado,CO,Private not-for-profit,4-year,2011,Both Gender,American Indian
Colorado,CO,Private not-for-profit,4-year,2011,Both Gender,Black
Colorado,CO,Private not-for-profit,4-year,2011,Both Gender,Hispanic
Colorado,CO,Private not-for-profit,4-year,2011,Both Gender,White
Colorado,CO,Private not-for-profit,4-year,2011,Both Gender,Unspecified
Colorado,CO,Private not-for-profit,4-year,2011,Female,Asian
Colorado,CO,Private not-for-profit,4-year,2011,Female,American Indian
Colorado,CO,Private not-for-profit,4-year,2011,Female,Black
Colorado,CO,Private not-for-profit,4-year,2011,Female,Hispanic
Colorado,CO,Private not-for-profit,4-year,2011,Female,White
Colorado,CO,Private not-for-profit,4-year,2011,Female,Unspecified
Colorado,CO,Private not-for-profit,4-year,2011,Male,Asian
Colorado,CO,Private not-for-profit,4-year,2011,Male,American Indian
Colorado,CO,Private not-for-profit,4-year,2011,Male,Black
Colorado,CO,Private not-for-profit,4-year,2011,Male,Hispanic
Colorado,CO,Private not-for-profit,4-year,2011,Male,White
Colorado,CO,Private not-for-profit,4-year,2011,Male,Unspecified
Colorado,CO,Private not-for-profit,4-year,2012,Both Gender,Asian
Colorado,CO,Private not-for-profit,4-year,2012,Both Gender,American Indian
Colorado,CO,Private not-for-profit,4-year,2012,Both Gender,Black
Colorado,CO,Private not-for-profit,4-year,2012,Both Gender,Hispanic
Colorado,CO,Private not-for-profit,4-year,2012,Both Gender,White
Colorado,CO,Private not-for-profit,4-year,2012,Both Gender,Unspecified
Colorado,CO,Private not-for-profit,4-year,2012,Female,Asian
Colorado,CO,Private not-for-profit,4-year,2012,Female,American Indian
Colorado,CO,Private not-for-profit,4-year,2012,Female,Black
Colorado,CO,Private not-for-profit,4-year,2012,Female,Hispanic
Colorado,CO,Private not-for-profit,4-year,2012,Female,White
Colorado,CO,Private not-for-profit,4-year,2012,Female,Unspecified
Colorado,CO,Private not-for-profit,4-year,2012,Male,Asian
Colorado,CO,Private not-for-profit,4-year,2012,Male,American Indian
Colorado,CO,Private not-for-profit,4-year,2012,Male,Black
Colorado,CO,Private not-for-profit,4-year,2012,Male,Hispanic
Colorado,CO,Private not-for-profit,4-year,2012,Male,White
Colorado,CO,Private not-for-profit,4-year,2012,Male,Unspecified
Colorado,CO,Private not-for-profit,4-year,2013,Both Gender,Asian
Colorado,CO,Private not-for-profit,4-year,2013,Both Gender,American Indian
Colorado,CO,Private not-for-profit,4-year,2013,Both Gender,Black
Colorado,CO,Private not-for-profit,4-year,2013,Both Gender,Hispanic
Colorado,CO,Private not-for-profit,4-year,2013,Both Gender,White
Colorado,CO,Private not-for-profit,4-year,2013,Both Gender,Unspecified
Colorado,CO,Private not-for-profit,4-year,2013,Female,Asian
Colorado,CO,Private not-for-profit,4-year,2013,Female,American Indian
Colorado,CO,Private not-for-profit,4-year,2013,Female,Black
Colorado,CO,Private not-for-profit,4-year,2013,Female,Hispanic
Colorado,CO,Private not-for-profit,4-year,2013,Female,White
Colorado,CO,Private not-for-profit,4-year,2013,Female,Unspecified
Colorado,CO,Private not-for-profit,4-year,2013,Male,Asian
Colorado,CO,Private not-for-profit,4-year,2013,Male,American Indian
Colorado,CO,Private not-for-profit,4-year,2013,Male,Black
Colorado,CO,Private not-for-profit,4-year,2013,Male,Hispanic
Colorado,CO,Private not-for-profit,4-year,2013,Male,White
Colorado,CO,Private not-for-profit,4-year,2013,Male,Unspecified
Colorado,CO,Public,4-year,2011,Both Gender,Asian
Colorado,CO,Public,4-year,2011,Both Gender,American Indian
Colorado,CO,Public,4-year,2011,Both Gender,Black
Colorado,CO,Public,4-year,2011,Both Gender,Hispanic
Colorado,CO,Public,4-year,2011,Both Gender,White
Colorado,CO,Public,4-year,2011,Both Gender,Unspecified
Colorado,CO,Public,4-year,2011,Female,Asian
Colorado,CO,Public,4-year,2011,Female,American Indian
Colorado,CO,Public,4-year,2011,Female,Black
Colorado,CO,Public,4-year,2011,Female,Hispanic
Colorado,CO,Public,4-year,2011,Female,White
Colorado,CO,Public,4-year,2011,Female,Unspecified
Colorado,CO,Public,4-year,2011,Male,Asian
Colorado,CO,Public,4-year,2011,Male,American Indian
Colorado,CO,Public,4-year,2011,Male,Black
Colorado,CO,Public,4-year,2011,Male,Hispanic
Colorado,CO,Public,4-year,2011,Male,White
Colorado,CO,Public,4-year,2011,Male,Unspecified
Colorado,CO,Public,4-year,2012,Both Gender,Asian
Colorado,CO,Public,4-year,2012,Both Gender,American Indian
Colorado,CO,Public,4-year,2012,Both Gender,Black
Colorado,CO,Public,4-year,2012,Both Gender,Hispanic
Colorado,CO,Public,4-year,2012,Both Gender,White
Colorado,CO,Public,4-year,2012,Both Gender,Unspecified
Colorado,CO,Public,4-year,2012,Female,Asian
Colorado,CO,Public,4-year,2012,Female,American Indian
Colorado,CO,Public,4-year,2012,Female,Black
Colorado,CO,Public,4-year,2012,Female,Hispanic
Colorado,CO,Public,4-year,2012,Female,White
Colorado,CO,Public,4-year,2012,Female,Unspecified
Colorado,CO,Public,4-year,2012,Male,Asian
Colorado,CO,Public,4-year,2012,Male,American Indian
Colorado,CO,Public,4-year,2012,Male,Black
Colorado,CO,Public,4-year,2012,Male,Hispanic
Colorado,CO,Public,4-year,2012,Male,White
Colorado,CO,Public,4-year,2012,Male,Unspecified
Colorado,CO,Public,4-year,2013,Both Gender,Asian
Colorado,CO,Public,4-year,2013,Both Gender,American Indian
Colorado,CO,Public,4-year,2013,Both Gender,Black
Colorado,CO,Public,4-year,2013,Both Gender,Hispanic
Colorado,CO,Public,4-year,2013,Both Gender,White
Colorado,CO,Public,4-year,2013,Both Gender,Unspecified
Colorado,CO,Public,4-year,2013,Female,Asian
Colorado,CO,Public,4-year,2013,Female,American Indian
Colorado,CO,Public,4-year,2013,Female,Black
Colorado,CO,Public,4-year,2013,Female,Hispanic
Colorado,CO,Public,4-year,2013,Female,White
Colorado,CO,Public,4-year,2013,Female,Unspecified
Colorado,CO,Public,4-year,2013,Male,Asian
Colorado,CO,Public,4-year,2013,Male,American Indian
Colorado,CO,Public,4-year,2013,Male,Black
Colorado,CO,Public,4-year,2013,Male,Hispanic
Colorado,CO,Public,4-year,2013,Male,White
Colorado,CO,Public,4-year,2013,Male,Unspecified
Connecticut,CT,Private for-profit,4-year,2011,Both Gender,Asian
Connecticut,CT,Private for-profit,4-year,2011,Both Gender,American Indian
Connecticut,CT,Private for-profit,4-year,2011,Both Gender,Black
Connecticut,CT,Private for-profit,4-year,2011,Both Gender,Hispanic
Connecticut,CT,Private for-profit,4-year,2011,Both Gender,White
Connecticut,CT,Private for-profit,4-year,2011,Both Gender,Unspecified
Connecticut,CT,Private for-profit,4-year,2011,Female,Asian
Connecticut,CT,Private for-profit,4-year,2011,Female,American Indian
Connecticut,CT,Private for-profit,4-year,2011,Female,Black
Connecticut,CT,Private for-profit,4-year,2011,Female,Hispanic
Connecticut,CT,Private for-profit,4-year,2011,Female,White
Connecticut,CT,Private for-profit,4-year,2011,Female,Unspecified
Connecticut,CT,Private for-profit,4-year,2011,Male,Asian
Connecticut,CT,Private for-profit,4-year,2011,Male,American Indian
Connecticut,CT,Private for-profit,4-year,2011,Male,Black
Connecticut,CT,Private for-profit,4-year,2011,Male,Hispanic
Connecticut,CT,Private for-profit,4-year,2011,Male,White
Connecticut,CT,Private for-profit,4-year,2011,Male,Unspecified
Connecticut,CT,Private for-profit,4-year,2012,Both Gender,Asian
Connecticut,CT,Private for-profit,4-year,2012,Both Gender,American Indian
Connecticut,CT,Private for-profit,4-year,2012,Both Gender,Black
Connecticut,CT,Private for-profit,4-year,2012,Both Gender,Hispanic
Connecticut,CT,Private for-profit,4-year,2012,Both Gender,White
Connecticut,CT,Private for-profit,4-year,2012,Both Gender,Unspecified
Connecticut,CT,Private for-profit,4-year,2012,Female,Asian
Connecticut,CT,Private for-profit,4-year,2012,Female,American Indian
Connecticut,CT,Private for-profit,4-year,2012,Female,Black
